0.06,1682424421.1370997
1.0,1682424421.1501176
0.05,1682424421.1571085
0.99,1682424421.1642914
0.05,1682424421.170311
0.99,1682424421.1762974
0.03,1682424421.1820934
0.99,1682424421.188117
0.01,1682424421.1950965
1.0,1682424421.2042649
-0.02,1682424421.2111075
1.0,1682424421.2172115
-0.07,1682424421.2240975
1.0,1682424421.2301466
-0.12,1682424421.236112
0.99,1682424421.2421122
-0.18,1682424421.2483528
0.99,1682424421.2561176
-0.23,1682424421.2642987
0.99,1682424421.2711608
-0.37,1682424421.2775488
0.97,1682424421.283232
-0.41,1682424421.2900941
0.97,1682424421.296434
-0.46,1682424421.3041022
0.97,1682424421.310094
-0.35,1682424421.3171
0.98,1682424421.3261156
-0.12,1682424421.3311095
0.99,1682424421.3370926
-0.03,1682424421.3461108
0.99,1682424421.3510983
-0.03,1682424421.358144
0.99,1682424421.3641057
-0.03,1682424421.370227
0.99,1682424421.3771164
-0.03,1682424421.3840966
0.99,1682424421.391298
-0.03,1682424421.3968174
0.99,1682424421.401118
-0.03,1682424421.4081511
0.99,1682424421.4144382
-0.03,1682424421.4211001
0.99,1682424421.426112
-0.03,1682424421.43209
0.99,1682424421.4390967
-0.03,1682424421.445212
0.99,1682424421.4505565
-0.03,1682424421.4571085
0.99,1682424421.463111
-0.03,1682424421.468411
0.99,1682424421.4751065
-0.03,1682424421.4811115
0.99,1682424421.4957533
-0.03,1682424421.503116
0.99,1682424421.5101488
-0.03,1682424421.51512
0.99,1682424421.5221086
-0.03,1682424421.5281131
0.99,1682424421.5331125
-0.03,1682424421.540259
0.99,1682424421.5455267
-0.03,1682424421.551099
0.99,1682424421.615305
-0.03,1682424421.623315
0.99,1682424421.6295621
-0.03,1682424421.6354175
0.99,1682424421.6423364
-0.03,1682424421.6482937
0.99,1682424421.6562939
-0.03,1682424421.6643062
0.99,1682424421.6723032
-0.03,1682424421.6823115
0.99,1682424421.6913009
-0.03,1682424421.6973736
0.99,1682424421.7052927
-0.03,1682424421.7125664
0.99,1682424421.7192945
-0.03,1682424421.728007
0.99,1682424421.7343748
-0.03,1682424421.7453024
0.99,1682424421.75251
-0.03,1682424421.7593718
0.99,1682424421.7654061
-0.03,1682424421.7722898
0.99,1682424421.7775402
-0.03,1682424421.7832885
0.99,1682424421.7885437
-0.03,1682424421.7952921
0.99,1682424421.8032916
-0.03,1682424421.8082914
0.99,1682424421.814438
-0.03,1682424421.8198047
0.99,1682424421.8249655
-0.03,1682424421.830292
1.0,1682424421.8366756
-0.03,1682424421.842291
1.0,1682424421.8474462
-0.03,1682424421.8523004
0.99,1682424421.85931
-0.03,1682424421.867297
0.99,1682424421.8746798
-0.03,1682424421.881779
0.99,1682424421.8873067
-0.03,1682424421.8933005
0.99,1682424421.9002957
-0.03,1682424421.9083018
0.99,1682424421.9175234
-0.03,1682424421.9263139
0.99,1682424421.9332917
-0.03,1682424421.9400206
0.99,1682424421.9463036
-0.03,1682424421.9543073
0.99,1682424421.9592988
-0.03,1682424421.966162
0.99,1682424421.971967
-0.03,1682424421.979295
0.99,1682424421.9859219
-0.03,1682424421.992903
0.99,1682424421.998591
-0.03,1682424422.004529
0.99,1682424422.0097468
-0.03,1682424422.0158124
0.99,1682424422.021614
-0.03,1682424422.0285594
0.99,1682424422.0955877
-0.03,1682424422.1032958
0.99,1682424422.109313
-0.03,1682424422.115297
0.99,1682424422.1226058
-0.03,1682424422.1286728
0.99,1682424422.1343043
-0.03,1682424422.1412933
0.99,1682424422.1472974
-0.03,1682424422.1532962
0.99,1682424422.1602926
-0.03,1682424422.1673899
1.0,1682424422.1743076
-0.03,1682424422.2155514
1.0,1682424422.2233107
-0.03,1682424422.2306526
0.99,1682424422.237513
-0.03,1682424422.2446043
1.0,1682424422.2512932
-0.03,1682424422.2593138
1.0,1682424422.2662954
-0.03,1682424422.2735052
1.0,1682424422.2806706
-0.03,1682424422.2882977
1.04,1682424422.296513
-0.01,1682424422.304412
0.99,1682424422.3117676
0.12,1682424422.318312
1.06,1682424422.3266568
0.23,1682424422.332447
1.02,1682424422.341618
0.27,1682424422.3487585
0.92,1682424422.3553002
0.4,1682424422.3615005
1.0,1682424422.367298
0.46,1682424422.3745034
1.04,1682424422.3793054
0.46,1682424422.3862965
0.95,1682424422.3925154
0.47,1682424422.3993025
0.98,1682424422.4084816
0.52,1682424422.413298
1.05,1682424422.4213161
0.56,1682424422.4284058
0.95,1682424422.434293
0.59,1682424422.4403956
1.02,1682424422.4462929
0.61,1682424422.4512975
1.03,1682424422.459476
0.59,1682424422.4655018
1.0,1682424422.4762976
0.56,1682424422.4822924
1.0,1682424422.4883113
0.41,1682424422.4983058
0.98,1682424422.5042994
0.41,1682424422.5114026
0.98,1682424422.5172927
0.41,1682424422.526407
0.98,1682424422.5321271
0.42,1682424422.538293
1.08,1682424422.544523
0.42,1682424422.549574
1.16,1682424422.557539
0.15,1682424422.5636306
0.95,1682424422.5712955
0.13,1682424422.5792983
1.01,1682424422.588295
0.1,1682424422.5952976
1.05,1682424422.6022983
0.02,1682424422.6092951
1.02,1682424422.6172967
-0.04,1682424422.6252975
0.99,1682424422.632298
0.0,1682424422.6444933
1.02,1682424422.6532986
0.03,1682424422.6592975
1.02,1682424422.6653697
0.05,1682424422.672295
1.01,1682424422.6792936
0.08,1682424422.6853683
1.0,1682424422.6922948
0.11,1682424422.7015347
0.99,1682424422.7092965
0.13,1682424422.7161033
0.98,1682424422.7226124
0.1,1682424422.7292945
0.99,1682424422.7352996
0.07,1682424422.7443123
0.98,1682424422.75146
0.05,1682424422.7622993
0.96,1682424422.7692978
0.03,1682424422.7774472
0.98,1682424422.7842977
0.0,1682424422.7912989
1.0,1682424422.7983046
0.0,1682424422.8063762
1.06,1682424422.8122957
-0.06,1682424422.820294
0.96,1682424422.8275645
-0.07,1682424422.8325996
1.01,1682424422.8393624
-0.02,1682424422.8452935
0.91,1682424422.8507602
0.2,1682424422.8573127
0.98,1682424422.8633912
0.23,1682424422.8694057
1.01,1682424422.8763049
0.2,1682424422.883295
1.01,1682424422.8902988
0.18,1682424422.8954108
1.02,1682424422.9007745
0.16,1682424422.9077644
1.01,1682424422.9132938
0.1,1682424422.9184499
1.01,1682424422.925302
0.09,1682424422.930389
1.01,1682424422.937597
0.06,1682424422.945305
0.99,1682424422.9504116
0.05,1682424422.9572937
1.0,1682424422.9625978
0.01,1682424422.9682963
1.0,1682424422.9742997
-0.07,1682424422.9798744
1.0,1682424422.9853084
-0.11,1682424422.9913073
0.99,1682424422.9972937
-0.14,1682424423.0052977
1.0,1682424423.0112965
-0.16,1682424423.0163786
1.01,1682424423.0233018
-0.16,1682424423.0286624
1.01,1682424423.0333078
-0.17,1682424423.0422935
1.0,1682424423.0473511
-0.17,1682424423.053409
1.03,1682424423.0613337
-0.15,1682424423.0674384
1.02,1682424423.0743053
-0.15,1682424423.0795815
1.01,1682424423.085305
-0.19,1682424423.091294
0.97,1682424423.0972939
-0.42,1682424423.1033003
0.99,1682424423.109385
-0.52,1682424423.1152945
0.97,1682424423.1212971
-0.62,1682424423.1274445
0.93,1682424423.1325276
-0.77,1682424423.1403084
0.91,1682424423.1452944
-0.83,1682424423.1502929
0.91,1682424423.1563025
-1.08,1682424423.1622944
0.98,1682424423.1682985
-1.16,1682424423.1743107
0.97,1682424423.1802945
-1.29,1682424423.2072957
0.93,1682424423.2602935
-1.45,1682424423.293299
0.94,1682424423.302296
-1.63,1682424423.313287
0.94,1682424423.3162856
-0.05,1682424423.3203595
1.01,1682424423.323286
-0.02,1682424423.325633
0.99,1682424423.3292875
-0.02,1682424423.3329074
0.99,1682424423.3373144
-0.02,1682424423.3398664
0.99,1682424423.3427641
-0.03,1682424423.3452873
0.99,1682424423.3472877
-0.02,1682424423.3492866
1.0,1682424423.3516345
-0.04,1682424423.3553264
0.99,1682424423.357287
-0.26,1682424423.3593495
0.87,1682424423.415349
-0.01,1682424423.4233224
1.0,1682424423.428432
0.21,1682424423.4343877
1.11,1682424423.4422977
-0.02,1682424423.4484172
0.99,1682424423.4532957
-0.02,1682424423.4592943
0.99,1682424423.4646814
-0.02,1682424423.470454
1.0,1682424423.477292
-0.03,1682424423.4832923
1.11,1682424423.5364614
-0.03,1682424423.5425088
1.02,1682424423.5479348
-0.01,1682424423.5534678
0.91,1682424423.5605366
0.05,1682424423.5657122
0.97,1682424423.5726416
0.36,1682424423.5786757
1.12,1682424423.5954628
1.34,1682424423.6039584
1.31,1682424423.6099427
2.75,1682424423.615333
1.06,1682424423.6222503
2.63,1682424423.629745
0.85,1682424423.6358852
2.44,1682424423.6433516
0.64,1682424423.649743
2.17,1682424423.6587367
0.59,1682424423.6697369
1.67,1682424423.6758082
0.86,1682424423.6819882
1.46,1682424423.688845
1.1,1682424423.6968336
1.28,1682424423.7028036
1.18,1682424423.7097404
1.16,1682424423.7157364
1.05,1682424423.7247486
1.0,1682424423.7308075
1.09,1682424423.7377553
0.7,1682424423.7447479
0.98,1682424423.7507954
0.7,1682424423.758741
1.07,1682424423.7650108
0.74,1682424423.7717366
1.22,1682424423.7793908
0.76,1682424423.786349
1.31,1682424423.7953677
0.68,1682424423.8026123
1.27,1682424423.8117933
0.38,1682424423.8237853
0.89,1682424423.8297782
0.31,1682424423.8411503
0.84,1682424423.851154
0.33,1682424423.85915
0.95,1682424423.8648853
0.36,1682424423.8715708
1.1,1682424423.877269
0.34,1682424423.883238
1.17,1682424423.8901525
0.27,1682424423.8971548
1.31,1682424423.9062934
0.12,1682424423.912152
1.1,1682424423.9173112
-0.15,1682424423.92616
0.68,1682424423.9321594
-0.46,1682424423.9401557
2.13,1682424423.947164
-0.76,1682424423.9552064
1.28,1682424423.964157
-1.33,1682424423.9721532
0.81,1682424423.9793565
-1.6,1682424423.985158
1.01,1682424423.9921553
-1.61,1682424423.9981537
1.06,1682424424.0081527
-1.67,1682424424.015385
0.9,1682424424.0226674
-1.55,1682424424.0296545
0.93,1682424424.0396538
-1.32,1682424424.0456562
0.95,1682424424.0558949
-1.08,1682424424.0637999
1.05,1682424424.0729039
-0.92,1682424424.0816586
1.01,1682424424.0908096
-0.81,1682424424.0966575
0.93,1682424424.1036513
-0.71,1682424424.1116524
0.93,1682424424.120653
-0.57,1682424424.1276567
0.95,1682424424.1346538
-0.54,1682424424.1446528
0.98,1682424424.150657
-0.8,1682424424.1586516
1.03,1682424424.165664
-1.02,1682424424.1727295
0.98,1682424424.1796558
-1.03,1682424424.1868606
0.97,1682424424.1968822
-1.07,1682424424.2077096
0.95,1682424424.211604
-1.12,1682424424.2157118
0.94,1682424424.221518
-1.2,1682424424.2247097
0.94,1682424424.2277086
-1.26,1682424424.2309628
0.94,1682424424.2338817
-1.33,1682424424.237651
0.91,1682424424.24088
-1.39,1682424424.2430582
0.91,1682424424.2458801
-1.42,1682424424.2489092
0.93,1682424424.251883
-1.44,1682424424.2558806
0.92,1682424424.259882
-1.54,1682424424.261881
0.89,1682424424.264879
-0.4,1682424424.268882
1.01,1682424424.2728815
-0.01,1682424424.2769248
0.99,1682424424.2798815
-0.01,1682424424.2829463
0.99,1682424424.2859025
-0.01,1682424424.290886
0.98,1682424424.2928908
-0.01,1682424424.2959964
0.99,1682424424.3145132
-0.01,1682424424.3191855
0.99,1682424424.3225203
0.09,1682424424.326516
1.16,1682424424.3286123
-0.01,1682424424.330891
1.0,1682424424.3336189
-0.01,1682424424.3365178
0.99,1682424424.3400342
-0.01,1682424424.3425171
0.99,1682424424.3755453
-0.01,1682424424.3805249
0.99,1682424424.3875258
-0.01,1682424424.393867
0.99,1682424424.3995373
-0.01,1682424424.4055452
0.99,1682424424.4115407
-0.01,1682424424.4169307
1.0,1682424424.4238029
-0.02,1682424424.4288104
1.0,1682424424.4355412
-0.16,1682424424.4948726
0.97,1682424424.501539
-0.51,1682424424.506562
0.92,1682424424.512828
-1.03,1682424424.5175216
0.91,1682424424.5235357
-1.27,1682424424.529521
0.98,1682424424.5355387
-0.61,1682424424.541708
1.12,1682424424.5475338
0.96,1682424424.5535212
1.26,1682424424.5625458
3.71,1682424424.5686805
1.79,1682424424.5757077
3.97,1682424424.581539
1.32,1682424424.586619
3.99,1682424424.593518
0.78,1682424424.5987315
3.91,1682424424.6045299
0.59,1682424424.610522
3.45,1682424424.6175382
0.68,1682424424.6255205
1.92,1682424424.6315255
0.89,1682424424.6365254
1.47,1682424424.6435285
0.7,1682424424.648724
1.14,1682424424.6546352
0.33,1682424424.6607733
0.92,1682424424.6665394
-0.01,1682424424.67352
0.87,1682424424.680614
-0.03,1682424424.6885226
0.99,1682424424.6944225
0.3,1682424424.6995428
1.1,1682424424.705522
0.85,1682424424.7115328
1.36,1682424424.7166855
1.07,1682424424.722546
1.61,1682424424.7290742
2.04,1682424424.7355275
1.52,1682424424.743537
2.47,1682424424.7496626
0.66,1682424424.7557023
1.35,1682424424.762542
0.34,1682424424.7675276
1.6,1682424424.773798
0.36,1682424424.7795208
1.07,1682424424.7865188
0.35,1682424424.7928555
0.84,1682424424.8007479
0.41,1682424424.80652
1.0,1682424424.8125284
0.62,1682424424.8185368
1.36,1682424424.8245294
0.61,1682424424.8305235
1.33,1682424424.8366091
0.5,1682424424.8560395
0.85,1682424424.8635361
0.31,1682424424.868739
0.68,1682424424.8758101
0.27,1682424424.8841147
0.76,1682424424.89163
0.27,1682424424.8976777
1.21,1682424424.9028277
0.14,1682424424.9091268
1.31,1682424424.914662
-0.86,1682424424.923077
0.68,1682424424.928959
-1.03,1682424424.9346814
0.73,1682424424.9406803
-1.11,1682424424.945964
0.81,1682424424.9507012
-1.07,1682424424.95768
0.91,1682424424.9626734
-1.04,1682424424.968672
1.09,1682424424.9747653
-1.14,1682424424.9817138
1.18,1682424424.988662
-1.28,1682424424.9941707
1.2,1682424424.9986668
-1.5,1682424425.0061033
0.84,1682424425.0117383
-1.67,1682424425.0166728
0.8,1682424425.021676
-1.79,1682424425.0279427
0.96,1682424425.034683
-1.67,1682424425.0436742
0.85,1682424425.0496612
-1.49,1682424425.0561416
0.9,1682424425.0619876
-1.37,1682424425.0671866
0.89,1682424425.073163
-1.25,1682424425.0787528
0.92,1682424425.085232
-1.09,1682424425.0910578
0.93,1682424425.0976596
-0.68,1682424425.1046805
0.95,1682424425.1111994
-0.62,1682424425.1166563
0.99,1682424425.1228914
-0.58,1682424425.127676
0.99,1682424425.1338122
-0.56,1682424425.139666
0.98,1682424425.1446786
-0.55,1682424425.1506624
0.97,1682424425.1586616
-0.48,1682424425.164667
0.98,1682424425.171673
-0.34,1682424425.1779325
0.96,1682424425.182731
-0.22,1682424425.187784
0.94,1682424425.1939154
-0.07,1682424425.1986806
0.99,1682424425.2046747
0.04,1682424425.210679
1.01,1682424425.2156808
0.06,1682424425.223662
0.98,1682424425.2307763
-0.03,1682424425.2358212
0.98,1682424425.2416725
-0.15,1682424425.2470205
0.97,1682424425.2521465
-0.3,1682424425.2586613
0.76,1682424425.2637913
-0.45,1682424425.2689104
0.86,1682424425.2746701
-1.17,1682424425.2807474
0.99,1682424425.2876828
-1.36,1682424425.2936735
0.93,1682424425.3367746
-1.48,1682424425.346925
0.88,1682424425.3546195
-1.51,1682424425.3616197
0.9,1682424425.3676214
-1.51,1682424425.3759484
0.95,1682424425.3816216
-1.57,1682424425.3886185
0.92,1682424425.397622
-1.57,1682424425.4056716
0.89,1682424425.41263
-1.02,1682424425.4191146
0.92,1682424425.426625
-1.37,1682424425.4326212
1.05,1682424425.4416337
-1.01,1682424425.4476185
1.03,1682424425.454622
-0.27,1682424425.4637592
0.93,1682424425.4719415
-0.04,1682424425.4786172
0.99,1682424425.4852157
-0.04,1682424425.4932163
0.99,1682424425.5007126
-0.04,1682424425.5078409
1.02,1682424425.5149784
-0.05,1682424425.5285165
0.99,1682424425.5376444
-0.04,1682424425.54456
0.99,1682424425.552555
-0.04,1682424425.5595653
1.0,1682424425.5646963
-0.03,1682424425.5725636
0.99,1682424425.579561
-0.04,1682424425.5845563
0.99,1682424425.5895584
-0.04,1682424425.5925546
0.99,1682424425.595552
-0.04,1682424425.5985932
0.99,1682424425.602627
-0.05,1682424425.6065528
0.99,1682424425.6097605
-1.25,1682424425.6125515
0.78,1682424425.6155508
-1.6,1682424425.6205502
0.96,1682424425.6235518
-1.49,1682424425.6266348
1.07,1682424425.6345522
-0.01,1682424425.639548
1.28,1682424425.6436076
0.36,1682424425.646548
1.72,1682424425.6495497
1.62,1682424425.6543903
2.5,1682424425.6577225
3.05,1682424425.661407
2.87,1682424425.66441
3.86,1682424425.6684072
2.96,1682424425.6944566
3.99,1682424425.7024136
1.25,1682424425.7084556
3.53,1682424425.7134268
0.53,1682424425.7184274
2.47,1682424425.7254145
0.28,1682424425.7306793
1.79,1682424425.736414
0.13,1682424425.742424
1.37,1682424425.746614
0.21,1682424425.7557464
0.83,1682424425.7624743
0.04,1682424425.7674127
0.64,1682424425.7746177
0.17,1682424425.7799711
0.73,1682424425.7864115
-0.3,1682424425.8144772
0.7,1682424425.8224285
-0.36,1682424425.8277328
0.92,1682424425.8329897
-0.1,1682424425.8395724
1.36,1682424425.8754792
0.77,1682424425.8824143
1.54,1682424425.8884137
0.94,1682424425.8944213
1.55,1682424425.899529
0.74,1682424425.9055364
1.42,1682424425.911413
1.03,1682424425.9164822
1.99,1682424425.9229004
2.53,1682424425.928514
2.61,1682424425.9334111
3.22,1682424425.943483
0.59,1682424425.949429
1.32,1682424425.9564142
0.86,1682424425.9619923
1.3,1682424425.9914148
1.0,1682424426.0095613
0.88,1682424426.017411
0.76,1682424426.0578165
0.94,1682424426.066414
-0.04,1682424426.075418
0.7,1682424426.0834146
-0.79,1682424426.0935185
1.26,1682424426.101422
-0.89,1682424426.1064115
1.1,1682424426.111407
-1.27,1682424426.1154082
0.78,1682424426.1194077
-1.57,1682424426.1224053
0.99,1682424426.12543
-1.36,1682424426.1284504
1.24,1682424426.1315575
0.03,1682424426.1344051
0.89,1682424426.138517
-0.16,1682424426.1414082
0.85,1682424426.1434073
-0.59,1682424426.1455557
1.0,1682424426.1477714
-0.96,1682424426.149406
1.1,1682424426.152412
-1.08,1682424426.1555567
1.07,1682424426.1576033
-1.29,1682424426.1595757
0.96,1682424426.1614063
-1.45,1682424426.1635194
0.94,1682424426.1654994
-1.8,1682424426.1674106
0.71,1682424426.1706314
-2.05,1682424426.1727777
0.79,1682424426.1744094
-1.98,1682424426.1774054
0.92,1682424426.18041
-1.9,1682424426.1824105
0.98,1682424426.184484
-1.62,1682424426.1874113
1.06,1682424426.1895902
-1.41,1682424426.191414
1.02,1682424426.193666
-1.2,1682424426.1956043
1.0,1682424426.1974072
-1.01,1682424426.199645
1.03,1682424426.2354133
-0.8,1682424426.2434323
0.96,1682424426.250506
-0.68,1682424426.257414
0.89,1682424426.2632396
-0.49,1682424426.2688565
0.9,1682424426.2768292
-0.33,1682424426.2829854
1.01,1682424426.2894125
-0.29,1682424426.2974346
1.02,1682424426.3074222
-0.36,1682424426.3134103
0.97,1682424426.320255
-0.38,1682424426.3254786
0.98,1682424426.3309226
-0.41,1682424426.3364596
1.01,1682424426.3424277
-0.44,1682424426.3474355
1.05,1682424426.3527236
-0.43,1682424426.360413
1.06,1682424426.3666024
-0.37,1682424426.3734243
0.98,1682424426.3785284
-0.3,1682424426.3844168
1.03,1682424426.3904202
-0.25,1682424426.3964143
0.96,1682424426.402418
-0.21,1682424426.409422
0.92,1682424426.414415
-0.18,1682424426.4226737
0.91,1682424426.4284098
-0.03,1682424426.4344254
1.07,1682424426.4404252
-0.07,1682424426.4464262
1.08,1682424426.451413
-0.14,1682424426.4575448
1.03,1682424426.4634254
-0.22,1682424426.4684136
0.97,1682424426.4754174
-0.28,1682424426.4818354
0.93,1682424426.489413
-0.64,1682424426.4946308
0.96,1682424426.49972
-0.85,1682424426.5054126
0.97,1682424426.5117207
-1.04,1682424426.5164092
1.01,1682424426.5234299
-1.24,1682424426.5288146
0.97,1682424426.533951
-1.5,1682424426.5424137
0.89,1682424426.5485423
-1.34,1682424426.5547695
0.84,1682424426.5612617
-1.18,1682424426.5659776
0.87,1682424426.572526
-1.13,1682424426.577727
0.9,1682424426.5826135
-1.14,1682424426.5894132
0.91,1682424426.5955846
-1.15,1682424426.6039555
0.92,1682424426.6105313
-1.21,1682424426.6154099
0.89,1682424426.6224272
-1.4,1682424426.6284873
0.93,1682424426.633557
-1.65,1682424426.6404097
0.99,1682424426.6455653
-1.99,1682424426.650493
0.96,1682424426.6585047
-2.43,1682424426.665412
0.97,1682424426.671425
-0.12,1682424426.6769927
1.01,1682424426.682425
-0.04,1682424426.6884122
1.0,1682424426.6951933
-0.03,1682424426.7009063
0.99,1682424426.7072794
-0.04,1682424426.7129183
0.99,1682424426.7189167
-0.04,1682424426.7263374
0.99,1682424426.731179
-0.74,1682424426.736908
0.91,1682424426.7429166
-1.21,1682424426.7479167
0.9,1682424426.7757032
-1.9,1682424426.7820063
0.91,1682424426.7900093
-2.06,1682424426.7957
0.99,1682424426.8010063
-1.42,1682424426.8070803
1.07,1682424426.8132854
1.09,1682424426.8190155
1.28,1682424426.8250015
1.08,1682424426.8300073
1.4,1682424426.8380039
3.98,1682424426.8464937
2.19,1682424426.8510048
3.99,1682424426.857022
2.18,1682424426.863013
3.99,1682424426.8680801
1.25,1682424426.8750174
3.99,1682424426.8802378
0.47,1682424426.8871255
3.86,1682424426.893005
0.36,1682424426.9000034
2.06,1682424426.9080145
-0.16,1682424426.9132733
1.71,1682424426.9180086
-0.84,1682424426.924414
1.54,1682424426.9301004
-1.16,1682424426.9350064
1.74,1682424426.941388
-0.95,1682424426.946006
2.15,1682424426.9520156
0.42,1682424426.9590104
2.49,1682424426.964216
2.42,1682424427.0150027
1.54,1682424427.0240128
0.77,1682424427.029586
0.88,1682424427.0350127
0.49,1682424427.0412097
1.07,1682424427.0471156
1.75,1682424427.053004
1.4,1682424427.0601492
2.26,1682424427.0650651
0.51,1682424427.0710154
1.13,1682424427.0800066
-1.27,1682424427.0870051
1.26,1682424427.0930057
-1.32,1682424427.0982053
1.12,1682424427.1040032
-1.11,1682424427.1110175
1.16,1682424427.11709
-0.81,1682424427.1250098
0.98,1682424427.1311865
-0.48,1682424427.13802
1.07,1682424427.1441972
0.39,1682424427.195375
1.41,1682424427.2010102
0.38,1682424427.2070053
0.73,1682424427.2554615
0.49,1682424427.261444
0.72,1682424427.26745
0.72,1682424427.2734468
1.02,1682424427.2787957
0.85,1682424427.2845972
1.05,1682424427.2894459
-2.2,1682424427.2959256
1.33,1682424427.3019874
-2.1,1682424427.3074443
1.32,1682424427.3154604
-1.39,1682424427.3224466
0.89,1682424427.329457
-1.28,1682424427.335076
0.82,1682424427.34144
-1.0,1682424427.3466227
0.99,1682424427.3524463
-0.79,1682424427.3584447
1.08,1682424427.3645358
-0.77,1682424427.3694408
1.08,1682424427.3785641
-0.8,1682424427.384445
0.94,1682424427.3914583
-0.82,1682424427.3974402
0.9,1682424427.4035687
-0.77,1682424427.4094517
0.89,1682424427.4147277
-0.71,1682424427.42045
0.87,1682424427.4269645
-0.74,1682424427.4324653
0.87,1682424427.4416041
-0.86,1682424427.4474554
0.98,1682424427.4544592
-0.91,1682424427.4604511
1.02,1682424427.4658155
-0.87,1682424427.4716294
0.99,1682424427.4775016
-0.84,1682424427.4825473
0.97,1682424427.489462
-0.8,1682424427.49561
0.96,1682424427.5044458
-0.9,1682424427.5106313
1.0,1682424427.5154462
-1.02,1682424427.5218217
0.93,1682424427.5274615
-1.16,1682424427.5327725
0.89,1682424427.5394642
-1.3,1682424427.545446
0.91,1682424427.5514648
-1.4,1682424427.559467
0.94,1682424427.5666428
-1.52,1682424427.5735445
0.91,1682424427.5784435
-1.48,1682424427.5845156
0.89,1682424427.5904624
-1.41,1682424427.596636
0.9,1682424427.6014624
-1.21,1682424427.6074505
0.9,1682424427.6164424
-0.89,1682424427.6246574
0.89,1682424427.6304562
-0.58,1682424427.636752
0.86,1682424427.6427476
-0.61,1682424427.6487622
0.9,1682424427.654811
-0.61,1682424427.6610363
0.92,1682424427.6662724
-0.66,1682424427.6727571
0.87,1682424427.6800263
-0.88,1682424427.6869814
0.94,1682424427.693762
-0.95,1682424427.698876
1.05,1682424427.7047522
-1.01,1682424427.7111576
1.0,1682424427.7160127
-1.11,1682424427.722771
0.97,1682424427.7287683
-1.41,1682424427.733751
0.95,1682424427.744043
-1.91,1682424427.7491398
0.97,1682424427.7557747
-0.01,1682424427.760763
0.99,1682424427.7667632
-0.01,1682424427.7722175
0.99,1682424427.7777493
-0.01,1682424427.783832
0.99,1682424427.7908976
-0.02,1682424427.7987494
0.99,1682424427.8059332
-0.14,1682424427.8121252
0.94,1682424427.817753
-1.09,1682424427.8237734
1.0,1682424427.8287742
-1.52,1682424427.83477
1.05,1682424427.8408196
-1.07,1682424427.84688
1.09,1682424427.8520675
0.18,1682424427.8597684
1.19,1682424427.8657684
1.25,1682424427.8718817
1.28,1682424427.877873
1.29,1682424427.8837864
1.67,1682424427.8897512
3.0,1682424427.8957653
1.83,1682424427.900766
3.87,1682424427.9077568
1.79,1682424427.9130623
3.99,1682424427.9208894
2.03,1682424427.92877
3.99,1682424427.9339318
1.81,1682424427.940753
3.99,1682424427.9469957
0.14,1682424427.9525065
3.7,1682424427.9577546
0.06,1682424427.9637523
2.97,1682424427.9687665
0.34,1682424427.9757643
2.15,1682424427.9838881
0.51,1682424427.9897623
1.59,1682424427.9959753
0.55,1682424428.0017545
1.43,1682424428.0079
-0.24,1682424428.0140126
1.19,1682424428.0197551
1.01,1682424428.0272052
1.07,1682424428.0327895
1.61,1682424428.0397549
1.31,1682424428.0468109
1.66,1682424428.0521421
1.22,1682424428.0588634
1.79,1682424428.0639977
1.0,1682424428.0697675
1.72,1682424428.0757632
0.61,1682424428.081752
1.0,1682424428.086766
0.2,1682424428.0927644
0.45,1682424428.099866
0.01,1682424428.1070542
0.38,1682424428.1137483
0.13,1682424428.1209996
0.39,1682424428.1271262
0.84,1682424428.1327412
1.4,1682424428.1386862
1.09,1682424428.1437125
2.02,1682424428.149706
0.97,1682424428.1576855
1.65,1682424428.164698
0.54,1682424428.1706827
0.34,1682424428.1769714
-0.04,1682424428.1820207
-0.08,1682424428.187701
0.36,1682424428.1937387
1.82,1682424428.1976893
0.32,1682424428.2046893
1.82,1682424428.2107005
-0.1,1682424428.2157598
1.23,1682424428.2237005
-0.19,1682424428.2301342
1.24,1682424428.23553
-0.07,1682424428.2409334
1.54,1682424428.2468765
-0.3,1682424428.2526953
1.2,1682424428.2587352
-0.44,1682424428.2639875
0.99,1682424428.2692578
-0.64,1682424428.2756877
0.81,1682424428.2827053
-0.8,1682424428.2896972
0.64,1682424428.2956967
-0.91,1682424428.300689
0.65,1682424428.3066914
-1.15,1682424428.311769
0.89,1682424428.3177733
-1.24,1682424428.3236957
0.98,1682424428.328682
-1.33,1682424428.335711
1.05,1682424428.3426847
-1.51,1682424428.3487985
0.97,1682424428.3559096
-1.68,1682424428.360704
0.63,1682424428.3660119
-1.91,1682424428.3727064
0.27,1682424428.377686
-1.94,1682424428.3833447
0.77,1682424428.3897383
-1.9,1682424428.3956885
1.14,1682424428.4026845
-1.91,1682424428.4087315
0.96,1682424428.4167974
-1.97,1682424428.4418335
0.82,1682424428.4736826
-1.4,1682424428.499687
1.65,1682424428.5136833
-1.24,1682424428.5260158
1.37,1682424428.5365129
-1.07,1682424428.5391388
1.11,1682424428.5421202
-0.82,1682424428.5435789
1.1,1682424428.5465775
-0.74,1682424428.5490983
1.02,1682424428.5556905
-0.53,1682424428.558005
0.98,1682424428.5607505
-0.39,1682424428.5635753
1.06,1682424428.565576
-0.37,1682424428.5685828
1.06,1682424428.5715775
-0.49,1682424428.5735762
0.97,1682424428.5755782
-0.77,1682424428.5785797
0.87,1682424428.580812
-1.19,1682424428.5826418
0.92,1682424428.5855803
-1.36,1682424428.587578
0.87,1682424428.589579
-1.38,1682424428.5919285
0.88,1682424428.593855
-1.24,1682424428.595839
0.9,1682424428.5972097
-1.1,1682424428.5992255
0.89,1682424428.6032367
-1.18,1682424428.6057062
0.97,1682424428.6072273
-1.25,1682424428.6092274
0.94,1682424428.6114545
-1.37,1682424428.613224
0.94,1682424428.61527
-1.51,1682424428.6182911
0.97,1682424428.62127
-1.71,1682424428.6234124
0.94,1682424428.6347187
-1.94,1682424428.6389978
0.92,1682424428.641021
-2.07,1682424428.6440117
0.93,1682424428.6460123
-1.06,1682424428.6490102
0.98,1682424428.6520674
0.03,1682424428.6550107
1.0,1682424428.6570182
0.05,1682424428.6600132
0.99,1682424428.6940186
0.05,1682424428.6980147
0.99,1682424428.7030156
0.06,1682424428.7060635
1.0,1682424428.710012
0.05,1682424428.7134461
0.99,1682424428.7160146
0.05,1682424428.7213614
0.99,1682424428.724361
0.05,1682424428.7275891
0.99,1682424428.7543626
0.02,1682424428.7583542
0.99,1682424428.7614167
-0.48,1682424428.7645276
0.85,1682424428.7673554
-1.25,1682424428.77239
0.76,1682424428.7744982
-2.03,1682424428.7786908
0.88,1682424428.781353
-2.29,1682424428.7843542
0.97,1682424428.8138325
0.72,1682424428.819849
1.53,1682424428.8238466
1.14,1682424428.8268554
1.69,1682424428.8298507
0.77,1682424428.8320658
1.85,1682424428.8358552
0.79,1682424428.8398464
1.84,1682424428.8428571
1.66,1682424428.8448565
1.86,1682424428.8738508
3.99,1682424428.8788571
2.26,1682424428.880844
3.99,1682424428.8838496
1.59,1682424428.8878598
3.99,1682424428.8906069
0.22,1682424428.8936722
3.89,1682424428.8966126
-0.36,1682424428.8987503
3.2,1682424428.902608
-0.23,1682424428.9358325
1.68,1682424428.9396076
0.49,1682424428.942608
1.38,1682424428.944787
0.45,1682424428.9466126
1.2,1682424428.9496148
0.27,1682424428.9526172
1.11,1682424428.955606
0.11,1682424428.9586084
1.38,1682424428.961616
0.07,1682424428.9946213
1.03,1682424429.0016172
1.85,1682424429.0076308
1.2,1682424429.0121303
2.54,1682424429.0166113
1.03,1682424429.0226204
1.9,1682424429.0282247
0.58,1682424429.0328474
1.23,1682424429.037611
0.6,1682424429.043666
0.21,1682424429.05662
0.28,1682424429.0636759
0.62,1682424429.06966
0.47,1682424429.0747476
0.99,1682424429.0789564
0.85,1682424429.084614
1.93,1682424429.0896213
1.22,1682424429.0937579
2.32,1682424429.0984468
1.26,1682424429.1026263
2.23,1682424429.114608
0.68,1682424429.1206126
1.19,1682424429.1256115
0.61,1682424429.1746166
0.91,1682424429.180612
0.5,1682424429.1846142
0.9,1682424429.1896286
0.43,1682424429.1937623
0.99,1682424429.1977081
0.44,1682424429.203618
1.03,1682424429.2088244
0.55,1682424429.2138126
1.14,1682424429.2187028
-0.95,1682424429.2356153
-0.51,1682424429.2436128
-1.32,1682424429.2488263
-0.76,1682424429.2546446
-1.55,1682424429.2608013
-0.03,1682424429.2656257
-1.36,1682424429.2717519
1.7,1682424429.2776265
-0.95,1682424429.282617
3.02,1682424429.2896128
-2.16,1682424429.2957633
0.75,1682424429.3016558
-2.88,1682424429.3096325
0.46,1682424429.3556292
-2.68,1682424429.3636208
1.01,1682424429.3686204
-2.44,1682424429.3756144
0.85,1682424429.380639
-2.27,1682424429.3867018
0.83,1682424429.3927467
-1.82,1682424429.3976746
0.96,1682424429.4046373
-1.59,1682424429.4106212
0.95,1682424429.4197237
-1.19,1682424429.4276242
0.93,1682424429.4336398
-1.32,1682424429.439974
0.94,1682424429.4456239
-1.48,1682424429.4516156
0.94,1682424429.457617
-1.68,1682424429.4626124
0.9,1682424429.4686182
-1.82,1682424429.4746144
0.91,1682424429.4816172
-1.98,1682424429.4866126
0.89,1682424429.492346
-1.88,1682424429.4966784
0.88,1682424429.501801
-1.74,1682424429.5067585
0.91,1682424429.5116277
-1.71,1682424429.5159304
0.95,1682424429.5216699
-1.82,1682424429.5266297
0.96,1682424429.5309992
-2.24,1682424429.5386121
0.92,1682424429.5446327
-1.64,1682424429.5489862
0.93,1682424429.555731
-0.4,1682424429.560679
0.98,1682424429.5648007
0.06,1682424429.5706172
1.0,1682424429.575924
0.05,1682424429.5807667
0.99,1682424429.585693
0.06,1682424429.594625
0.99,1682424429.6006837
0.14,1682424429.6066303
1.04,1682424429.6116176
0.06,1682424429.6166167
1.0,1682424429.6550086
-0.1,1682424429.6628492
0.9,1682424429.6698499
-0.01,1682424429.676049
0.94,1682424429.681861
0.0,1682424429.6888516
0.96,1682424429.69422
0.07,1682424429.6990178
0.99,1682424429.7078989
0.22,1682424429.71286
1.06,1682424429.7208657
-0.87,1682424429.7278483
0.74,1682424429.7337298
-2.27,1682424429.7402012
0.75,1682424429.7458513
-2.94,1682424429.7509348
1.04,1682424429.7579837
-2.15,1682424429.7638435
1.26,1682424429.7688465
-0.23,1682424429.7751698
1.59,1682424429.7828488
0.52,1682424429.790844
1.31,1682424429.7962072
0.28,1682424429.800847
1.47,1682424429.8068514
0.58,1682424429.8118443
1.1,1682424429.8160143
1.86,1682424429.8218591
1.32,1682424429.8268435
3.37,1682424429.8311007
1.9,1682424429.8398526
3.99,1682424429.8451903
2.08,1682424429.849845
3.99,1682424429.8558445
1.37,1682424429.8609378
3.94,1682424429.865054
0.63,1682424429.8708613
3.46,1682424429.87585
0.59,1682424429.880049
2.59,1682424429.8868506
0.83,1682424429.8948455
0.88,1682424429.9018495
-0.24,1682424429.9548712
0.82,1682424429.961845
-0.55,1682424429.96685
1.01,1682424429.9728503
-0.53,1682424429.9790957
1.3,1682424429.9855914
-0.31,1682424429.9928598
1.68,1682424429.9988184
0.04,1682424430.0054822
2.5,1682424430.0125177
3.01,1682424430.0245137
1.02,1682424430.0315113
1.11,1682424430.0385156
1.3,1682424430.045905
1.34,1682424430.0525122
1.44,1682424430.058513
1.6,1682424430.0645735
1.41,1682424430.071512
1.5,1682424430.079519
1.13,1682424430.0875099
0.99,1682424430.094771
0.8,1682424430.100516
0.69,1682424430.1075115
1.01,1682424430.114518
1.05,1682424430.1215146
1.14,1682424430.1285076
1.37,1682424430.1346622
1.04,1682424430.1465113
1.35,1682424430.1549249
0.81,1682424430.1621315
1.12,1682424430.169568
0.39,1682424430.177185
1.17,1682424430.1881046
0.11,1682424430.1948206
1.34,1682424430.2051098
-0.27,1682424430.2125168
1.41,1682424430.2221043
-0.73,1682424430.2281027
1.18,1682424430.2332225
-1.14,1682424430.2394762
0.73,1682424430.2451031
-1.69,1682424430.2521088
-0.48,1682424430.2601047
-1.72,1682424430.2682076
0.77,1682424430.2751043
-1.48,1682424430.2801044
2.06,1682424430.2871056
-1.35,1682424430.2951286
2.33,1682424430.3021374
-1.74,1682424430.3101096
1.47,1682424430.3181148
-2.63,1682424430.3272169
0.27,1682424430.3331046
-2.47,1682424430.3411963
1.15,1682424430.3471076
-2.28,1682424430.3541138
1.5,1682424430.3601024
-2.28,1682424430.3652024
0.98,1682424430.3731058
-2.33,1682424430.3811066
0.25,1682424430.388992
-1.99,1682424430.3949916
0.98,1682424430.402092
-1.75,1682424430.4101171
1.46,1682424430.4159894
-1.65,1682424430.4219897
1.0,1682424430.428996
-1.68,1682424430.434992
0.44,1682424430.4429924
-1.65,1682424430.4479897
0.54,1682424430.4539945
-2.37,1682424430.4589884
1.39,1682424430.4642785
-2.42,1682424430.469998
1.02,1682424430.4759946
-2.07,1682424430.4806583
0.9,1682424430.4859982
-1.75,1682424430.4915164
0.72,1682424430.4979923
-1.57,1682424430.5059927
0.94,1682424430.5112958
-1.87,1682424430.5171611
1.03,1682424430.5229874
-2.05,1682424430.5282304
0.96,1682424430.5339913
-1.67,1682424430.5389893
0.95,1682424430.5450025
-0.54,1682424430.5499973
0.97,1682424430.5579882
0.08,1682424430.5629992
0.99,1682424430.569139
-0.07,1682424430.575006
0.92,1682424430.580005
0.09,1682424430.5849915
0.99,1682424430.5902574
0.26,1682424430.5960217
1.06,1682424430.601115
0.09,1682424430.6080012
1.0,1682424430.6133976
0.09,1682424430.622007
1.0,1682424430.6283062
0.09,1682424430.632989
0.99,1682424430.6392572
0.09,1682424430.6449926
1.0,1682424430.6501539
0.08,1682424430.6559994
1.0,1682424430.6621208
-0.19,1682424430.6671329
0.88,1682424430.6729925
-0.93,1682424430.6792383
0.86,1682424430.6850035
-2.16,1682424430.6911635
0.88,1682424430.6960645
-3.24,1682424430.700987
0.89,1682424430.7079883
-3.48,1682424430.7122228
1.05,1682424430.718082
-0.99,1682424430.7239988
1.53,1682424430.7292001
0.01,1682424430.736
1.22,1682424430.7439902
0.16,1682424430.7500796
1.61,1682424430.7570064
0.41,1682424430.762153
1.98,1682424430.7669873
1.08,1682424430.773989
1.74,1682424430.7801225
3.99,1682424430.7863288
2.86,1682424430.7930012
3.99,1682424430.7989945
2.05,1682424430.8079882
1.01,1682424430.8130322
0.59,1682424430.8191288
0.7,1682424430.8249974
0.3,1682424430.8299994
0.63,1682424430.8350902
0.29,1682424430.8412557
0.78,1682424430.8470016
-0.15,1682424430.8519971
1.04,1682424430.8600755
-0.38,1682424430.865998
2.48,1682424430.872003
0.52,1682424430.8790812
2.91,1682424430.8839946
1.06,1682424430.8899982
3.14,1682424430.8959897
1.28,1682424430.900497
3.01,1682424430.906
1.25,1682424430.911363
2.71,1682424430.9179912
1.06,1682424430.9260006
2.24,1682424430.9309943
0.31,1682424430.935991
2.18,1682424430.9419894
0.12,1682424430.9469917
2.22,1682424430.953084
0.14,1682424430.9589906
2.3,1682424430.9639924
0.16,1682424430.9690645
2.64,1682424430.9761455
0.45,1682424430.982987
3.34,1682424430.9889965
3.32,1682424430.9951806
2.69,1682424431.0000618
2.79,1682424431.0059981
1.26,1682424431.0119958
2.24,1682424431.0169892
-0.16,1682424431.0249963
1.0,1682424431.0579982
-1.03,1682424431.0880222
0.17,1682424431.0989954
-0.05,1682424431.1129873
1.75,1682424431.116985
-0.09,1682424431.1209903
1.61,1682424431.123984
-0.4,1682424431.126986
1.12,1682424431.1299849
-0.66,1682424431.132983
0.68,1682424431.1360266
-0.75,1682424431.138159
0.48,1682424431.1409838
-1.26,1682424431.1429842
0.92,1682424431.1459856
-1.77,1682424431.1543992
1.45,1682424431.1581037
-1.73,1682424431.1605034
1.78,1682424431.1629872
-2.0,1682424431.163983
1.57,1682424431.1659837
-2.3,1682424431.1689837
0.9,1682424431.171984
-2.43,1682424431.1739848
0.22,1682424431.1762068
-2.34,1682424431.2155087
1.11,1682424431.222988
-2.41,1682424431.228076
0.8,1682424431.232082
-2.41,1682424431.238007
0.73,1682424431.2439995
-2.35,1682424431.2483425
0.99,1682424431.2550097
-2.68,1682424431.2610052
1.0,1682424431.2660847
-3.04,1682424431.2761
0.94,1682424431.2853558
-2.68,1682424431.2929933
0.88,1682424431.2980108
-2.37,1682424431.3059905
0.87,1682424431.3120024
-2.16,1682424431.3179946
0.88,1682424431.324998
-2.09,1682424431.3320093
0.88,1682424431.3429942
-1.82,1682424431.3489943
0.97,1682424431.3549953
-0.63,1682424431.3610039
1.05,1682424431.3659964
0.07,1682424431.3722649
0.99,1682424431.3770585
0.08,1682424431.3830404
0.99,1682424431.3889973
0.04,1682424431.3949952
0.97,1682424431.4019961
0.15,1682424431.4089983
1.04,1682424431.4140563
0.08,1682424431.4191127
1.01,1682424431.4250007
0.06,1682424431.4306304
0.95,1682424431.4359977
-0.03,1682424431.4420662
0.9,1682424431.447104
-0.05,1682424431.4519894
0.92,1682424431.461005
-0.26,1682424431.4669895
0.91,1682424431.47212
-0.41,1682424431.4779923
0.92,1682424431.482993
-0.74,1682424431.4889944
0.9,1682424431.4951026
-1.2,1682424431.500119
0.92,1682424431.507062
-1.86,1682424431.5119991
0.87,1682424431.5172706
-2.59,1682424431.5259974
0.92,1682424431.5310578
-2.22,1682424431.5359964
1.08,1682424431.5419981
-1.19,1682424431.5472991
1.23,1682424431.5530052
0.56,1682424431.5590625
1.4,1682424431.5641367
1.7,1682424431.5702069
1.27,1682424431.5769928
0.83,1682424431.5839994
1.39,1682424431.5899978
1.75,1682424431.5960443
1.76,1682424431.6010044
2.78,1682424431.6079917
1.78,1682424431.612079
3.39,1682424431.61825
1.94,1682424431.6240394
3.75,1682424431.628998
1.96,1682424431.6340017
3.97,1682424431.6439867
1.48,1682424431.6501865
3.75,1682424431.6560202
1.47,1682424431.6620047
3.25,1682424431.6669886
1.42,1682424431.6730552
2.49,1682424431.678993
0.96,1682424431.6839924
1.57,1682424431.6900005
0.3,1682424431.6960862
0.76,1682424431.703994
0.07,1682424431.710073
0.66,1682424431.7156825
0.23,1682424431.7219906
0.68,1682424431.7274227
0.23,1682424431.7319942
0.87,1682424431.7391343
0.2,1682424431.744583
1.14,1682424431.7493165
0.0,1682424431.7579908
2.07,1682424431.7650526
0.81,1682424431.770006
2.31,1682424431.776522
1.27,1682424431.781995
2.34,1682424431.787995
1.39,1682424431.7949972
2.19,1682424431.8000116
1.42,1682424431.8061826
1.95,1682424431.8112407
1.52,1682424431.8179975
1.65,1682424431.825993
1.19,1682424431.8314526
1.68,1682424431.8370042
0.99,1682424431.8439999
1.97,1682424431.8489938
0.84,1682424431.8551276
2.33,1682424431.8610055
1.11,1682424431.8659928
2.72,1682424431.871996
2.41,1682424431.8789947
1.02,1682424431.8869894
1.74,1682424431.8931556
0.76,1682424431.8983326
1.23,1682424431.904009
0.61,1682424431.91001
0.88,1682424431.915151
0.49,1682424431.9209883
0.86,1682424431.9271488
0.46,1682424431.932293
0.76,1682424431.94004
0.37,1682424431.9470086
0.95,1682424431.952993
0.37,1682424431.9590056
1.09,1682424431.964519
0.23,1682424431.969993
1.23,1682424431.975993
-0.15,1682424431.9812236
1.34,1682424431.9869893
-0.58,1682424431.993407
1.14,1682424432.0010898
-1.17,1682424432.0079987
0.45,1682424432.0140018
-1.35,1682424432.0189962
0.4,1682424432.0250866
-1.51,1682424432.0302417
0.45,1682424432.035994
-1.7,1682424432.0441508
0.44,1682424432.0492423
-1.87,1682424432.0574179
0.12,1682424432.065006
-2.41,1682424432.0719912
1.09,1682424432.0788362
-2.35,1682424432.083991
1.41,1682424432.0901077
-2.42,1682424432.0960107
1.43,1682424432.1010783
-2.64,1682424432.1078143
0.85,1682424432.1131568
-2.85,1682424432.1219926
0.29,1682424432.1285415
-2.58,1682424432.1339996
1.27,1682424432.1399946
-2.44,1682424432.1450121
1.16,1682424432.1509924
-2.33,1682424432.1569889
0.81,1682424432.1619954
-2.28,1682424432.1670625
0.77,1682424432.1739926
-2.44,1682424432.18099
0.98,1682424432.187765
-2.3,1682424432.193271
1.01,1682424432.1990774
-1.86,1682424432.205991
0.91,1682424432.2112174
-1.5,1682424432.2165103
0.91,1682424432.2229886
-1.54,1682424432.2289882
1.03,1682424432.234048
-1.81,1682424432.2429934
1.04,1682424432.249038
-0.7,1682424432.2559898
1.05,1682424432.2624624
0.05,1682424432.2671623
0.98,1682424432.2729955
0.09,1682424432.2779894
0.99,1682424432.283992
0.0,1682424432.2913864
0.86,1682424432.2979884
0.09,1682424432.306001
0.99,1682424432.311806
0.1,1682424432.3171232
0.98,1682424432.3251343
0.06,1682424432.3320024
0.92,1682424432.3379972
0.08,1682424432.3439982
0.98,1682424432.3489923
0.13,1682424432.3570867
1.06,1682424432.3642006
0.11,1682424432.3710566
1.0,1682424432.3762012
0.0,1682424432.3819933
0.91,1682424432.3889863
-0.01,1682424432.3943782
0.97,1682424432.39899
0.19,1682424432.4059963
1.07,1682424432.4111981
0.21,1682424432.4169934
1.02,1682424432.4249938
0.11,1682424432.4299932
0.99,1682424432.4359908
0.08,1682424432.4420028
0.99,1682424432.447001
0.04,1682424432.4523401
0.99,1682424432.45836
-0.82,1682424432.4635203
0.86,1682424432.4680047
-2.22,1682424432.4751432
0.84,1682424432.4811044
-2.79,1682424432.4882035
1.05,1682424432.4936204
-1.33,1682424432.4989986
1.36,1682424432.5049977
-0.36,1682424432.5109954
1.2,1682424432.5157073
-0.17,1682424432.5209951
0.9,1682424432.5274534
-0.31,1682424432.5321667
0.99,1682424432.541991
-0.34,1682424432.5479903
1.06,1682424432.5529902
2.15,1682424432.5602028
1.92,1682424432.5651965
3.31,1682424432.571991
2.37,1682424432.577998
3.92,1682424432.5831335
2.32,1682424432.589642
3.99,1682424432.5951602
1.73,1682424432.6022484
3.96,1682424432.608998
0.99,1682424432.614092
2.8,1682424432.6191914
0.55,1682424432.6260765
2.07,1682424432.6310878
0.79,1682424432.6379912
1.54,1682424432.6442254
0.87,1682424432.648301
1.16,1682424432.6549895
0.54,1682424432.662991
0.95,1682424432.668177
0.23,1682424432.674992
1.23,1682424432.6800988
-0.25,1682424432.6862147
1.56,1682424432.6924694
-0.04,1682424432.697346
1.95,1682424432.7029893
0.2,1682424432.7089965
2.32,1682424432.7140005
0.55,1682424432.722053
2.65,1682424432.728273
0.98,1682424432.7329931
2.57,1682424432.7389889
2.14,1682424432.744997
2.21,1682424432.748992
1.62,1682424432.7549982
1.83,1682424432.7610495
1.27,1682424432.7660956
1.53,1682424432.7709923
1.14,1682424432.7789927
1.28,1682424432.7860005
1.03,1682424432.7920012
1.19,1682424432.7970598
1.26,1682424432.8019898
1.17,1682424432.8090072
1.25,1682424432.8140175
1.07,1682424432.8191288
1.12,1682424432.8249915
1.04,1682424432.8301852
0.92,1682424432.835993
1.12,1682424432.8431244
0.82,1682424432.8473043
1.43,1682424432.8530047
1.57,1682424432.8580003
1.35,1682424432.8952165
1.59,1682424432.9009886
1.07,1682424432.9070027
1.48,1682424432.9115813
0.75,1682424432.916099
1.28,1682424432.9220035
0.42,1682424432.927098
1.08,1682424432.9319909
-0.14,1682424432.9369988
0.92,1682424432.943004
-1.23,1682424432.9549897
0.84,1682424432.9610357
-1.39,1682424432.9650273
0.56,1682424433.0149915
-1.47,1682424433.0219884
-0.03,1682424433.0269911
-1.74,1682424433.0319872
-0.36,1682424433.036476
-1.98,1682424433.0415733
-0.29,1682424433.0461233
-2.06,1682424433.0510976
1.45,1682424433.0559921
-2.13,1682424433.062006
2.42,1682424433.0756433
-2.29,1682424433.0820777
1.49,1682424433.0891173
-2.58,1682424433.094994
0.62,1682424433.1000078
-2.79,1682424433.1060612
0.76,1682424433.112006
-2.56,1682424433.116487
1.58,1682424433.1211522
-2.41,1682424433.1261425
1.2,1682424433.1349912
-1.91,1682424433.1421893
0.93,1682424433.1472514
-1.66,1682424433.1521306
0.93,1682424433.158066
-1.5,1682424433.1639931
0.96,1682424433.17599
-1.82,1682424433.1859934
0.97,1682424433.20301
-1.17,1682424433.2099895
0.99,1682424433.2159896
0.01,1682424433.2219923
0.95,1682424433.2280197
0.09,1682424433.2569947
0.99,1682424433.2729905
0.21,1682424433.2811973
1.03,1682424433.2850485
0.09,1682424433.289101
0.99,1682424433.2919858
0.0,1682424433.2943573
0.94,1682424433.2970867
0.2,1682424433.3001764
1.04,1682424433.3039873
0.12,1682424433.3079994
0.99,1682424433.310987
0.09,1682424433.3149858
0.99,1682424433.3189907
0.09,1682424433.3222628
0.99,1682424433.325041
0.09,1682424433.3269846
1.0,1682424433.329113
0.06,1682424433.3314366
0.97,1682424433.334038
0.14,1682424433.336993
1.03,1682424433.3399847
0.13,1682424433.3419852
1.01,1682424433.3443146
0.1,1682424433.3459833
0.99,1682424433.3485134
0.09,1682424433.3509858
0.99,1682424433.3749864
0.07,1682424433.3799865
0.98,1682424433.3839977
-0.12,1682424433.3944473
0.94,1682424433.3992937
-0.77,1682424433.4060063
0.87,1682424433.4122198
-1.49,1682424433.41799
0.84,1682424433.4240024
-1.99,1682424433.4300141
0.92,1682424433.4369884
-1.15,1682424433.444056
1.38,1682424433.4500096
-0.37,1682424433.4569888
1.27,1682424433.4630044
-0.15,1682424433.468153
1.06,1682424433.474411
-0.23,1682424433.4793026
1.2,1682424433.4852643
-0.19,1682424433.4915063
1.0,1682424433.4980052
0.85,1682424433.5049865
1.18,1682424433.5109959
1.88,1682424433.5159993
1.31,1682424433.5219877
3.15,1682424433.5279987
1.58,1682424433.5329938
3.91,1682424433.5389965
1.82,1682424433.5444522
3.99,1682424433.5491395
1.65,1682424433.5569992
3.46,1682424433.5639927
0.26,1682424433.5710027
2.45,1682424433.5769901
0.42,1682424433.5820653
1.59,1682424433.5879908
0.19,1682424433.5937989
1.12,1682424433.5988035
-0.37,1682424433.6049445
1.07,1682424433.6107962
-0.74,1682424433.6178033
1.47,1682424433.6260967
3.35,1682424433.6310785
1.57,1682424433.6380813
2.95,1682424433.644214
0.98,1682424433.650495
1.91,1682424433.6590843
0.43,1682424433.6660862
1.26,1682424433.6782372
0.27,1682424433.6860824
0.72,1682424433.6930819
1.01,1682424433.6985006
0.93,1682424433.705079
1.34,1682424433.7120798
0.94,1682424433.7170823
1.68,1682424433.7245264
1.11,1682424433.7300794
2.11,1682424433.740084
1.33,1682424433.74708
2.42,1682424433.7541125
1.34,1682424433.761093
2.13,1682424433.7670825
0.94,1682424433.7755756
1.85,1682424433.7821598
0.84,1682424433.7911966
1.64,1682424433.8009095
0.89,1682424433.8087137
1.53,1682424433.8143506
1.06,1682424433.82246
1.44,1682424433.8305042
1.21,1682424433.8383858
1.06,1682424433.8470535
1.12,1682424433.855446
0.79,1682424433.8644497
1.09,1682424433.8719451
0.59,1682424433.8810086
1.07,1682424433.8874564
0.44,1682424433.8944466
1.01,1682424433.900447
0.31,1682424433.907446
1.08,1682424433.9129047
-0.07,1682424433.9226503
0.85,1682424433.9304564
-0.16,1682424433.9385478
0.89,1682424433.9465973
-0.24,1682424433.955448
0.57,1682424433.9627886
-0.88,1682424433.9694448
1.21,1682424433.9774475
-1.3,1682424433.9866767
0.95,1682424433.9924514
-1.74,1682424433.9997106
1.02,1682424434.0065308
-1.87,1682424434.012449
1.11,1682424434.0194514
-1.91,1682424434.0261714
0.98,1682424434.0346856
-2.3,1682424434.0428472
0.74,1682424434.0492427
-2.56,1682424434.0606186
0.79,1682424434.0685873
-2.74,1682424434.0765917
0.81,1682424434.0845888
-2.94,1682424434.090411
0.81,1682424434.0955913
-3.17,1682424434.102599
0.96,1682424434.1087618
-3.35,1682424434.1149378
0.81,1682424434.120594
-3.32,1682424434.1266735
0.8,1682424434.1315897
-3.31,1682424434.137608
0.85,1682424434.143584
-3.19,1682424434.1495926
0.89,1682424434.156592
-2.99,1682424434.164026
0.89,1682424434.1705906
-1.33,1682424434.1765842
0.95,1682424434.1816468
-0.05,1682424434.187731
0.97,1682424434.1945865
0.13,1682424434.199593
0.99,1682424434.2075863
0.23,1682424434.2145889
1.02,1682424434.2225902
0.09,1682424434.228586
0.97,1682424434.2355871
0.09,1682424434.240067
1.01,1682424434.2435813
0.08,1682424434.2477064
1.0,1682424434.2506902
0.1,1682424434.2555819
0.99,1682424434.2595837
0.1,1682424434.2628603
0.99,1682424434.26558
0.09,1682424434.270094
0.99,1682424434.2735844
0.1,1682424434.277737
1.0,1682424434.2835815
0.1,1682424434.288597
1.0,1682424434.2928777
0.09,1682424434.296583
0.99,1682424434.3006542
0.08,1682424434.3045838
0.99,1682424434.3095849
0.08,1682424434.3125806
0.99,1682424434.316583
0.03,1682424434.320585
0.95,1682424434.335402
-1.33,1682424434.3410645
0.94,1682424434.3450606
-1.77,1682424434.349057
1.0,1682424434.3530588
-0.97,1682424434.3570642
1.1,1682424434.3606904
-0.13,1682424434.3630571
1.15,1682424434.3670616
0.19,1682424434.370062
1.13,1682424434.3940637
-0.23,1682424434.398251
1.21,1682424434.4030614
-0.01,1682424434.4080675
1.36,1682424434.412063
0.61,1682424434.4160614
1.42,1682424434.4210675
1.61,1682424434.425067
1.56,1682424434.4300637
2.95,1682424434.4333029
2.0,1682424434.4550729
3.99,1682424434.4620667
2.06,1682424434.4671543
3.99,1682424434.4730618
1.3,1682424434.4780667
3.95,1682424434.4824548
1.07,1682424434.4872036
3.45,1682424434.4920933
1.43,1682424434.4972777
2.43,1682424434.5023596
1.26,1682424434.5153642
1.0,1682424434.5230756
-0.37,1682424434.5281153
1.16,1682424434.5340617
-0.59,1682424434.5393574
1.52,1682424434.5440614
-0.46,1682424434.54807
1.96,1682424434.575062
-0.06,1682424434.5810614
2.42,1682424434.5860693
0.6,1682424434.5910618
3.14,1682424434.5961654
1.48,1682424434.6010702
3.27,1682424434.606373
1.12,1682424434.6120603
3.17,1682424434.6180894
0.6,1682424434.624062
2.31,1682424434.6357577
2.34,1682424434.6430814
1.59,1682424434.6490674
1.79,1682424434.6560655
0.8,1682424434.6620672
1.27,1682424434.6670623
0.26,1682424434.673068
0.97,1682424434.679067
0.05,1682424434.6850693
0.81,1682424434.6911688
0.42,1682424434.6982832
1.29,1682424434.7063022
0.41,1682424434.712413
1.26,1682424434.7171736
0.21,1682424434.7230735
0.95,1682424434.729223
0.0,1682424434.7350657
0.64,1682424434.7410655
-0.12,1682424434.7465985
0.53,1682424434.7521734
-0.19,1682424434.7630665
0.97,1682424434.7688
-0.26,1682424434.7740622
1.09,1682424434.7790627
-0.38,1682424434.7852173
1.06,1682424434.7910683
-0.57,1682424434.7962525
1.05,1682424434.802078
-0.79,1682424434.8080814
0.58,1682424434.813239
-1.55,1682424434.8201685
1.1,1682424434.8261611
-1.99,1682424434.8310754
0.71,1682424434.8360596
-2.22,1682424434.8410642
1.02,1682424434.8451438
-2.46,1682424434.8500667
0.81,1682424434.8560627
-2.68,1682424434.8610666
0.57,1682424434.8650632
-2.93,1682424434.875066
0.57,1682424434.8800707
-2.87,1682424434.8851674
0.71,1682424434.9360821
-2.85,1682424434.9440606
0.88,1682424434.9493294
-2.83,1682424434.9550698
0.93,1682424434.9611
-2.64,1682424434.9662154
1.0,1682424434.9710674
-2.17,1682424434.9780834
0.8,1682424434.9831202
-1.99,1682424434.9900637
0.82,1682424434.9970844
-2.32,1682424435.004062
0.9,1682424435.0101728
-2.52,1682424435.0151155
0.95,1682424435.0212078
-2.22,1682424435.0280702
0.96,1682424435.033076
-0.89,1682424435.038079
0.97,1682424435.0450795
0.05,1682424435.0505254
0.99,1682424435.0580666
0.04,1682424435.0650651
0.99,1682424435.0700626
-0.07,1682424435.077066
0.94,1682424435.08208
0.07,1682424435.0880618
0.99,1682424435.0940788
0.2,1682424435.0990634
1.05,1682424435.1044612
0.05,1682424435.1110651
1.0,1682424435.1180637
0.06,1682424435.126069
0.99,1682424435.1320686
0.06,1682424435.1370695
0.99,1682424435.1430762
0.06,1682424435.148196
0.99,1682424435.1536102
0.06,1682424435.159063
0.99,1682424435.1644063
0.06,1682424435.169478
0.99,1682424435.176065
0.05,1682424435.1830862
0.99,1682424435.1895542
0.05,1682424435.1940677
0.99,1682424435.2000723
-0.04,1682424435.2052464
0.97,1682424435.2111135
-0.68,1682424435.216064
0.84,1682424435.2221982
-1.63,1682424435.2281024
0.72,1682424435.235131
-3.27,1682424435.2440722
0.98,1682424435.2491438
-3.16,1682424435.254062
1.1,1682424435.260068
-2.01,1682424435.265403
1.24,1682424435.2710652
-0.62,1682424435.2760737
1.27,1682424435.281696
-0.07,1682424435.2882543
1.19,1682424435.2960787
-0.52,1682424435.3040924
1.33,1682424435.310117
-0.13,1682424435.3150656
1.18,1682424435.3201995
1.31,1682424435.3261254
1.62,1682424435.3312438
3.16,1682424435.3362753
2.93,1682424435.3425953
3.98,1682424435.3480072
3.55,1682424435.3560007
3.79,1682424435.3640006
1.84,1682424435.3720143
2.85,1682424435.3799646
1.4,1682424435.387166
1.62,1682424435.3957498
0.28,1682424435.4007633
0.9,1682424435.4086523
-0.45,1682424435.4156508
0.68,1682424435.4246535
-0.79,1682424435.4316525
0.64,1682424435.4386575
-1.23,1682424435.4456663
0.85,1682424435.450721
-0.79,1682424435.4586675
1.2,1682424435.4639971
-0.27,1682424435.4706533
1.63,1682424435.4796681
0.67,1682424435.4876535
1.99,1682424435.4955215
1.17,1682424435.5030944
2.33,1682424435.5096617
0.86,1682424435.5176637
2.45,1682424435.5256538
0.44,1682424435.5307918
2.53,1682424435.544139
0.34,1682424435.552625
2.61,1682424435.5597975
0.39,1682424435.5666273
2.68,1682424435.5746274
1.93,1682424435.580624
1.91,1682424435.587761
1.43,1682424435.5936255
0.74,1682424435.6009774
1.23,1682424435.6086268
0.2,1682424435.6149607
1.23,1682424435.62177
0.02,1682424435.628787
1.1,1682424435.6896193
0.05,1682424435.7157485
0.84,1682424435.721623
0.43,1682424435.7236173
0.94,1682424435.7266169
0.63,1682424435.729828
0.97,1682424435.7330403
0.79,1682424435.7376192
1.02,1682424435.7412903
0.83,1682424435.743644
0.91,1682424435.7476172
0.79,1682424435.7496195
0.79,1682424435.7536166
0.81,1682424435.7568123
0.89,1682424435.7590768
0.77,1682424435.7608738
0.81,1682424435.7638717
0.73,1682424435.765873
0.78,1682424435.768827
0.7,1682424435.772016
0.93,1682424435.7738228
0.58,1682424435.7758257
1.13,1682424435.7778225
-0.36,1682424435.779822
0.29,1682424435.7818234
-0.62,1682424435.7849648
0.0,1682424435.7878268
-0.82,1682424435.790281
-0.18,1682424435.7918234
-0.98,1682424435.7948234
1.13,1682424435.7969215
-0.76,1682424435.7988234
2.06,1682424435.8008344
-1.98,1682424435.83583
0.61,1682424435.8448331
-2.23,1682424435.8508298
0.85,1682424435.8580227
-2.35,1682424435.8628302
1.03,1682424435.8689108
-2.51,1682424435.8752155
0.8,1682424435.8808472
-2.53,1682424435.8868344
0.71,1682424435.8928385
-1.2,1682424435.899849
0.74,1682424435.9078405
-1.2,1682424435.9131362
0.78,1682424435.9178317
-1.35,1682424435.9248397
0.84,1682424435.9300778
-1.53,1682424435.938262
0.87,1682424435.9441066
-1.58,1682424435.948913
0.94,1682424435.9578514
-1.33,1682424435.9648516
1.06,1682424435.9708273
-0.96,1682424435.9768407
1.0,1682424435.9818487
-0.56,1682424435.9869993
0.95,1682424435.9929724
-0.24,1682424435.998233
1.02,1682424436.0038435
0.03,1682424436.0108857
1.08,1682424436.0158331
0.28,1682424436.025881
1.1,1682424436.0309002
0.31,1682424436.0368686
1.11,1682424436.0429604
0.34,1682424436.047931
1.07,1682424436.055072
0.36,1682424436.0608406
1.03,1682424436.0658457
0.38,1682424436.0718348
1.01,1682424436.0789697
0.65,1682424436.0848324
1.03,1682424436.091851
0.61,1682424436.0968292
1.02,1682424436.1028326
0.49,1682424436.1089816
1.0,1682424436.1148472
0.36,1682424436.1230485
0.99,1682424436.1292627
0.29,1682424436.1348329
1.01,1682424436.1438382
0.2,1682424436.1499162
1.08,1682424436.1568491
0.08,1682424436.1620107
1.02,1682424436.167858
-0.07,1682424436.174845
0.98,1682424436.1799436
-0.23,1682424436.184861
1.0,1682424436.1908333
-0.34,1682424436.1972713
1.04,1682424436.2028282
-0.5,1682424436.2088363
0.94,1682424436.2141602
-0.5,1682424436.2208314
1.02,1682424436.2271547
-0.38,1682424436.2320569
0.87,1682424436.2548294
-0.15,1682424436.262837
0.85,1682424436.2688293
0.14,1682424436.276834
0.94,1682424436.28185
0.55,1682424436.2889755
0.98,1682424436.2948349
0.66,1682424436.300832
1.01,1682424436.3078444
0.62,1682424436.313834
1.06,1682424436.3251112
0.73,1682424436.3318307
0.98,1682424436.3381543
0.72,1682424436.344011
1.01,1682424436.3488336
0.6,1682424436.3548574
1.07,1682424436.360287
0.5,1682424436.3651783
1.08,1682424436.3732493
0.44,1682424436.3798296
1.09,1682424436.38683
0.3,1682424436.392888
1.07,1682424436.397968
0.17,1682424436.4038312
0.88,1682424436.409837
0.0,1682424436.4148328
0.85,1682424436.4218357
-0.11,1682424436.427888
0.98,1682424436.4333987
-0.23,1682424436.442842
1.01,1682424436.449132
-0.47,1682424436.4561684
0.95,1682424436.4618459
-0.58,1682424436.4668267
0.89,1682424436.4738472
-0.65,1682424436.478836
0.93,1682424436.4851007
-0.67,1682424436.492072
1.03,1682424436.4978428
-0.73,1682424436.504831
1.11,1682424436.510842
-0.67,1682424436.5158343
0.94,1682424436.5208366
-0.47,1682424436.5268292
0.94,1682424436.5320451
-0.38,1682424436.53783
0.99,1682424436.5438945
-0.27,1682424436.5484655
1.0,1682424436.5549476
-0.16,1682424436.5619862
0.95,1682424436.5678296
-0.04,1682424436.5738368
0.98,1682424436.5789306
-0.05,1682424436.5838518
0.94,1682424436.5908396
-0.04,1682424436.595834
0.95,1682424436.600843
-0.04,1682424436.6072593
1.04,1682424436.6118348
-0.07,1682424436.6200027
1.02,1682424436.626827
-0.04,1682424436.6319795
1.05,1682424436.639186
-0.07,1682424436.6451492
1.02,1682424436.64983
-0.08,1682424436.6568377
1.05,1682424436.6618328
-0.09,1682424436.6668289
1.04,1682424436.6738346
-0.09,1682424436.6808467
1.0,1682424436.6869686
0.19,1682424436.6928387
1.01,1682424436.6978416
0.32,1682424436.7048323
1.02,1682424436.7111406
0.39,1682424436.71587
1.05,1682424436.723829
0.41,1682424436.7288315
1.05,1682424436.7338917
0.43,1682424436.742829
1.02,1682424436.7488308
0.28,1682424436.7548296
1.04,1682424436.7608368
0.09,1682424436.7658274
1.09,1682424436.7708342
-0.07,1682424436.7770767
1.11,1682424436.7820036
-0.19,1682424436.7878377
1.06,1682424436.7939663
-0.21,1682424436.8000643
1.02,1682424436.8068397
-0.09,1682424436.8128476
0.9,1682424436.8173213
-0.08,1682424436.9158325
0.89,1682424436.9218273
-0.12,1682424436.927844
0.98,1682424436.9318273
-0.22,1682424436.93716
1.01,1682424436.9428413
-0.28,1682424436.9478455
1.07,1682424436.9529316
-0.37,1682424436.9582286
1.0,1682424436.9628417
0.0,1682424436.9752152
1.18,1682424436.9818432
-0.09,1682424436.9888356
0.95,1682424436.9948366
-0.09,1682424437.000833
0.97,1682424437.0069084
-0.07,1682424437.0128322
0.91,1682424437.0188923
-0.07,1682424437.0248325
0.96,1682424437.0309494
-0.05,1682424437.0388534
0.94,1682424437.0468493
-0.07,1682424437.052844
1.0,1682424437.0578341
-0.12,1682424437.0640998
0.99,1682424437.0698476
-0.16,1682424437.074833
0.97,1682424437.0808368
-0.14,1682424437.0868266
0.98,1682424437.0929396
-0.08,1682424437.1018324
1.04,1682424437.1098373
-0.12,1682424437.115645
1.06,1682424437.1209764
-0.15,1682424437.1268282
1.04,1682424437.132836
-0.17,1682424437.1398425
0.96,1682424437.1458294
-0.15,1682424437.1509113
0.95,1682424437.1590514
-0.09,1682424437.1668289
0.91,1682424437.1728878
-0.06,1682424437.178838
0.94,1682424437.1838293
-0.03,1682424437.1898386
0.93,1682424437.1948283
0.01,1682424437.1998413
0.92,1682424437.2068307
0.05,1682424437.2118874
0.97,1682424437.2233932
0.02,1682424437.2308357
0.97,1682424437.2378306
-0.01,1682424437.2449493
1.02,1682424437.2498684
-0.06,1682424437.2568324
1.03,1682424437.2619503
-0.08,1682424437.2672446
1.06,1682424437.2728312
-0.09,1682424437.2798324
1.11,1682424437.2868373
-0.2,1682424437.29283
1.04,1682424437.2988875
-0.32,1682424437.3078346
1.0,1682424437.3148334
-0.38,1682424437.3228343
0.96,1682424437.3309417
-0.36,1682424437.3388314
1.01,1682424437.3468347
-0.31,1682424437.3558385
1.04,1682424437.3642695
-0.36,1682424437.372837
1.0,1682424437.3804111
-0.35,1682424437.387834
0.99,1682424437.3978343
-0.32,1682424437.407007
1.02,1682424437.4138317
-0.27,1682424437.4188306
0.98,1682424437.423826
-0.19,1682424437.4268267
0.89,1682424437.43023
-0.02,1682424437.433824
0.93,1682424437.4378865
0.0,1682424437.440842
1.01,1682424437.4429798
0.01,1682424437.4458232
1.02,1682424437.4488304
0.04,1682424437.4518282
0.99,1682424437.4558237
0.09,1682424437.4589906
1.01,1682424437.4618242
0.21,1682424437.4649966
0.96,1682424437.4669995
0.27,1682424437.470827
1.0,1682424437.4728246
0.25,1682424437.475822
1.0,1682424437.4788237
0.18,1682424437.514345
0.98,1682424437.5190868
0.1,1682424437.5228236
0.98,1682424437.5258725
0.04,1682424437.5288255
1.06,1682424437.5309687
-0.05,1682424437.533825
1.08,1682424437.5378256
-0.16,1682424437.5409112
1.01,1682424437.5440388
-0.16,1682424437.5468442
0.95,1682424437.635842
0.04,1682424437.6438334
0.97,1682424437.648847
0.02,1682424437.6548362
1.04,1682424437.6608815
0.01,1682424437.666184
1.03,1682424437.6728349
0.0,1682424437.6789217
1.05,1682424437.6854324
0.0,1682424437.6918359
1.12,1682424437.7008297
-0.09,1682424437.707931
1.0,1682424437.713886
-0.09,1682424437.7198372
1.02,1682424437.7258427
-0.1,1682424437.732089
1.01,1682424437.7388334
-0.14,1682424437.745075
1.01,1682424437.7508323
-0.2,1682424437.7608433
1.0,1682424437.767091
-0.23,1682424437.7730892
1.03,1682424437.7788358
-0.21,1682424437.7848313
1.03,1682424437.7908335
-0.2,1682424437.7969785
1.0,1682424437.8028293
-0.17,1682424437.8078296
0.96,1682424437.8148305
-0.1,1682424437.822831
0.98,1682424437.8298314
0.06,1682424437.834831
1.0,1682424437.8419523
0.09,1682424437.8468952
1.01,1682424437.851929
0.1,1682424437.8578322
0.97,1682424437.8633764
0.12,1682424437.8678308
0.96,1682424437.874828
0.14,1682424437.8839355
1.01,1682424437.8908308
0.06,1682424437.896175
1.0,1682424437.9019768
0.04,1682424437.907843
0.99,1682424437.9129565
0.05,1682424437.917835
1.01,1682424437.9250598
0.05,1682424437.9298887
1.02,1682424437.936848
0.04,1682424437.9458356
1.03,1682424437.9522579
-0.01,1682424437.9588282
1.05,1682424437.9638374
-0.06,1682424437.969036
1.05,1682424437.9752848
-0.14,1682424437.9802973
1.04,1682424437.9868348
-0.2,1682424437.9928432
1.08,1682424437.9988413
-0.24,1682424438.0058353
1.05,1682424438.0119884
-0.17,1682424438.0168278
1.0,1682424438.0238385
-0.16,1682424438.0288303
0.96,1682424438.0338423
-0.14,1682424438.0408292
0.92,1682424438.045829
-0.08,1682424438.051903
0.98,1682424438.059028
-0.03,1682424438.0660188
0.96,1682424438.0728369
0.0,1682424438.0781012
0.97,1682424438.0829635
0.0,1682424438.0898387
0.97,1682424438.0950158
0.0,1682424438.0998592
1.05,1682424438.1068316
-0.04,1682424438.1128316
1.01,1682424438.1208344
-0.08,1682424438.1278353
0.98,1682424438.1338415
-0.11,1682424438.140834
0.94,1682424438.146706
-0.1,1682424438.1518528
0.97,1682424438.1578405
-0.11,1682424438.162833
0.97,1682424438.1678317
-0.12,1682424438.1749108
0.97,1682424438.179897
-0.13,1682424438.186259
0.99,1682424438.1928415
-0.07,1682424438.197992
0.99,1682424438.2369013
-0.05,1682424438.244832
0.98,1682424438.2510288
-0.05,1682424438.2578309
1.0,1682424438.262833
-0.05,1682424438.2685175
0.99,1682424438.2749858
-0.04,1682424438.2805262
1.02,1682424438.2865274
-0.06,1682424438.29352
0.98,1682424438.301521
-0.11,1682424438.3117104
1.0,1682424438.321514
-0.13,1682424438.3285675
0.97,1682424438.3345182
-0.12,1682424438.3418114
0.96,1682424438.3478389
-0.1,1682424438.3545144
0.99,1682424438.3645184
-0.09,1682424438.372615
0.96,1682424438.3790724
-0.08,1682424438.3845172
1.01,1682424438.3905137
-0.07,1682424438.3965163
0.96,1682424438.401676
-0.08,1682424438.4075158
0.95,1682424438.4127991
-0.13,1682424438.4195194
0.97,1682424438.4275146
-0.18,1682424438.43352
1.02,1682424438.439875
-0.16,1682424438.4445856
0.98,1682424438.450113
-0.11,1682424438.4565282
0.94,1682424438.4616606
-0.06,1682424438.4666944
0.96,1682424438.47352
-0.05,1682424438.4795117
1.03,1682424438.4965167
-0.05,1682424438.5065134
1.03,1682424438.5195208
-0.02,1682424438.5385165
0.92,1682424438.564519
-0.01,1682424438.5745182
0.94,1682424438.5825148
-0.02,1682424438.589519
0.98,1682424438.5955095
-0.04,1682424438.609208
0.91,1682424438.61194
0.0,1682424438.6142051
0.93,1682424438.6163154
0.05,1682424438.619473
1.02,1682424438.6233358
0.06,1682424438.6260417
1.01,1682424438.629054
0.07,1682424438.6320515
1.05,1682424438.6360524
0.08,1682424438.639076
1.03,1682424438.6413379
0.09,1682424438.6440907
1.04,1682424438.6460915
0.05,1682424438.649392
1.06,1682424438.6523063
0.02,1682424438.656089
1.0,1682424438.6590884
0.01,1682424438.6610923
0.95,1682424438.6640866
0.0,1682424438.6662753
1.02,1682424438.6700904
-0.01,1682424438.6720936
1.0,1682424438.6750891
-0.12,1682424438.6770875
1.03,1682424438.680088
-0.16,1682424438.683088
1.02,1682424438.6870966
-0.17,1682424438.69036
0.97,1682424438.6925597
-0.16,1682424438.695089
0.99,1682424438.6982572
-0.16,1682424438.701781
0.98,1682424438.7057772
-0.18,1682424438.7137787
1.03,1682424438.7167776
-0.18,1682424438.719789
1.02,1682424438.773778
-0.14,1682424438.7782605
0.96,1682424438.7807822
-0.08,1682424438.7837834
0.95,1682424438.7877824
-0.04,1682424438.7907836
0.98,1682424438.7937841
0.03,1682424438.796784
1.01,1682424438.7997906
0.04,1682424438.8027864
0.94,1682424438.8354366
-0.09,1682424438.8397849
0.97,1682424438.8427827
-0.12,1682424438.8459537
0.98,1682424438.8507922
-0.12,1682424438.8558354
1.0,1682424438.8597846
-0.11,1682424438.862792
1.04,1682424438.8670201
-0.1,1682424438.870804
1.0,1682424438.8941052
-0.15,1682424438.898103
1.02,1682424438.9011116
-0.19,1682424438.9051032
1.03,1682424438.9082913
-0.22,1682424438.9111059
1.03,1682424438.9541051
-0.23,1682424438.9601052
1.0,1682424438.9631047
-0.23,1682424438.9662592
1.05,1682424438.9712856
-0.21,1682424438.9742815
0.97,1682424438.977282
-0.14,1682424438.9802806
1.02,1682424438.9834363
-0.08,1682424438.9873586
1.03,1682424438.9902809
0.0,1682424439.015298
1.03,1682424439.0234692
0.01,1682424439.0293741
1.01,1682424439.0334074
0.02,1682424439.040663
1.03,1682424439.0459304
0.02,1682424439.0512936
1.02,1682424439.0572822
0.04,1682424439.0626433
1.0,1682424439.0674858
0.01,1682424439.0753007
1.0,1682424439.082416
-0.01,1682424439.0884392
0.98,1682424439.0945325
-0.04,1682424439.0992827
1.0,1682424439.1052916
-0.06,1682424439.112282
1.02,1682424439.1183882
-0.11,1682424439.125284
0.97,1682424439.130281
-0.22,1682424439.140294
0.93,1682424439.1473646
-0.24,1682424439.1525524
0.96,1682424439.1594133
-0.25,1682424439.165918
0.97,1682424439.1712935
-0.26,1682424439.1772933
0.99,1682424439.1822898
-0.29,1682424439.1875997
0.98,1682424439.194291
-0.32,1682424439.202286
0.97,1682424439.2103498
-0.31,1682424439.2152872
0.98,1682424439.220289
-0.32,1682424439.226298
0.98,1682424439.2316682
-0.32,1682424439.2362883
0.98,1682424439.243291
-0.31,1682424439.248353
0.97,1682424439.2532852
-0.24,1682424439.2622848
0.98,1682424439.2683399
-0.2,1682424439.2732842
0.97,1682424439.2791324
-0.17,1682424439.2842963
0.97,1682424439.2902942
-0.14,1682424439.295398
0.97,1682424439.3005102
-0.1,1682424439.3072822
0.99,1682424439.3132877
-0.04,1682424439.3202932
0.94,1682424439.327353
0.01,1682424439.3323772
0.97,1682424439.3382838
0.07,1682424439.3445423
1.02,1682424439.3497376
0.09,1682424439.3544302
1.02,1682424439.3596423
0.1,1682424439.3642833
1.03,1682424439.3686237
0.12,1682424439.3753963
1.02,1682424439.3812904
0.14,1682424439.3862867
0.97,1682424439.3915405
0.17,1682424439.3963313
1.04,1682424439.4002805
0.12,1682424439.4056842
1.1,1682424439.4105444
0.06,1682424439.4142864
1.01,1682424439.4195673
0.01,1682424439.435296
1.07,1682424439.4442825
-0.02,1682424439.4492812
1.02,1682424439.4553523
-0.04,1682424439.461282
1.01,1682424439.4654548
-0.03,1682424439.4702806
1.02,1682424439.4752867
-0.03,1682424439.4802907
0.97,1682424439.4842815
-0.04,1682424439.4957013
0.97,1682424439.5032868
-0.04,1682424439.509304
0.99,1682424439.514615
-0.04,1682424439.5202887
0.99,1682424439.5262814
-0.01,1682424439.5314496
0.98,1682424439.536281
0.02,1682424439.5427082
0.99,1682424439.5482917
0.05,1682424439.5562885
0.97,1682424439.5642853
0.03,1682424439.5692964
1.02,1682424439.5752902
-0.01,1682424439.5802906
1.0,1682424439.5862858
-0.04,1682424439.592446
1.06,1682424439.6153939
-0.09,1682424439.6237125
0.96,1682424439.629671
-0.19,1682424439.6343985
0.97,1682424439.6404123
-0.22,1682424439.6464162
0.95,1682424439.6516044
-0.23,1682424439.6564069
1.01,1682424439.6626086
-0.22,1682424439.6676881
0.95,1682424439.6758199
-0.07,1682424439.684662
0.95,1682424439.6904511
-0.05,1682424439.6964097
1.0,1682424439.7013988
-0.05,1682424439.7075224
0.98,1682424439.714396
-0.06,1682424439.7194662
0.98,1682424439.7254884
-0.08,1682424439.7314084
0.97,1682424439.7384005
-0.12,1682424439.746454
1.03,1682424439.7514098
-0.16,1682424439.7584193
1.01,1682424439.7644217
-0.17,1682424439.7696774
1.0,1682424439.7754192
-0.18,1682424439.780612
0.98,1682424439.7856314
-0.17,1682424439.7914112
0.97,1682424439.7974052
-0.06,1682424439.8013957
0.98,1682424439.8556821
0.0,1682424439.8635936
0.98,1682424439.869668
0.03,1682424439.876069
1.04,1682424439.88103
0.05,1682424439.8865705
1.04,1682424439.8925734
0.06,1682424439.8985767
1.03,1682424439.9035935
-0.04,1682424439.9105759
0.95,1682424439.9165797
0.06,1682424439.9255898
0.99,1682424439.930576
0.07,1682424439.9355817
1.01,1682424439.9417007
0.06,1682424439.9475768
0.99,1682424439.9525785
0.03,1682424439.958695
0.96,1682424439.9647527
0.02,1682424439.9705763
0.96,1682424439.9775796
-0.01,1682424439.9845717
1.02,1682424439.9919186
-0.07,1682424439.9977543
0.95,1682424440.004752
-0.1,1682424440.0128531
0.95,1682424440.0204155
-0.13,1682424440.0364132
1.02,1682424440.0464125
-0.17,1682424440.0524187
1.0,1682424440.0606527
-0.1,1682424440.0671132
0.97,1682424440.0744226
-0.05,1682424440.0804098
0.99,1682424440.0854137
-0.02,1682424440.0934289
0.98,1682424440.1035316
-0.08,1682424440.110411
1.04,1682424440.1157122
-0.13,1682424440.1235433
0.99,1682424440.1299293
-0.16,1682424440.136415
1.0,1682424440.1434257
-0.15,1682424440.1514137
1.02,1682424440.161437
-0.15,1682424440.1713727
0.99,1682424440.1785338
-0.18,1682424440.1826873
0.99,1682424440.1887116
-0.15,1682424440.1920092
1.02,1682424440.194716
-0.15,1682424440.1977065
0.98,1682424440.200708
-0.16,1682424440.2047076
0.97,1682424440.20724
-0.17,1682424440.2097068
0.98,1682424440.274026
-0.14,1682424440.2770202
0.96,1682424440.280058
-0.14,1682424440.2833116
1.01,1682424440.28553
-0.18,1682424440.2890198
0.99,1682424440.2920206
-0.22,1682424440.294114
0.94,1682424440.297022
-0.23,1682424440.29924
0.97,1682424440.302027
-0.02,1682424440.3360229
0.92,1682424440.3450258
0.03,1682424440.350545
0.92,1682424440.3570802
0.04,1682424440.3630962
0.97,1682424440.3680866
0.02,1682424440.374084
1.0,1682424440.3800457
0.08,1682424440.3850386
1.01,1682424440.3911126
0.39,1682424440.3980289
0.95,1682424440.40603
0.45,1682424440.412098
0.99,1682424440.418037
0.53,1682424440.4240272
1.08,1682424440.4302354
0.63,1682424440.4352698
1.09,1682424440.4410348
0.8,1682424440.4463236
1.06,1682424440.452031
1.06,1682424440.4590447
1.05,1682424440.467136
1.21,1682424440.4740286
1.09,1682424440.4792366
1.35,1682424440.4850311
1.12,1682424440.4910254
1.41,1682424440.4970436
1.14,1682424440.502283
1.35,1682424440.507073
1.14,1682424440.5141828
0.72,1682424440.5220246
1.34,1682424440.5290477
0.31,1682424440.5340388
1.3,1682424440.5410345
-0.09,1682424440.5470223
1.22,1682424440.552234
-0.45,1682424440.5580275
1.42,1682424440.5640233
-0.75,1682424440.5690255
1.9,1682424440.5760355
-1.06,1682424440.5830252
1.45,1682424440.5890288
-1.18,1682424440.5950246
1.42,1682424440.5993204
-1.27,1682424440.606025
1.58,1682424440.6120305
-1.25,1682424440.6161385
1.51,1682424440.6230288
-1.16,1682424440.6290333
1.57,1682424440.6341555
-0.79,1682424440.6420305
0.9,1682424440.6472895
-0.61,1682424440.6521778
0.6,1682424440.6950238
-0.48,1682424440.702036
0.52,1682424440.7080255
-0.37,1682424440.7131486
0.51,1682424440.7192397
-0.28,1682424440.7250218
0.48,1682424440.731048
-0.11,1682424440.756029
0.75,1682424440.763026
-0.05,1682424440.7692626
0.72,1682424440.7752917
-0.22,1682424440.7811942
0.54,1682424440.7880495
-0.25,1682424440.7940254
0.47,1682424440.7992837
-0.22,1682424440.805029
0.45,1682424440.8110254
-0.19,1682424440.8181708
0.61,1682424440.8260233
-0.2,1682424440.8320365
0.85,1682424440.8374085
-0.22,1682424440.844033
0.94,1682424440.849033
-0.26,1682424440.8544567
1.0,1682424440.861024
-0.29,1682424440.8660722
1.05,1682424440.8710232
-0.32,1682424440.8790274
1.05,1682424440.8860276
-0.33,1682424440.8920345
0.93,1682424440.897263
-0.35,1682424440.9020314
0.94,1682424440.9090283
-0.36,1682424440.9140275
1.02,1682424440.9192379
-0.38,1682424440.9258678
1.08,1682424440.931027
-0.46,1682424440.9370337
1.14,1682424440.9450293
-0.51,1682424440.9500299
1.24,1682424440.9570386
-0.53,1682424440.9620285
1.35,1682424440.9670298
-0.55,1682424440.9730215
1.31,1682424440.9791217
-0.52,1682424440.9840364
1.06,1682424440.9900277
-0.75,1682424440.9971294
0.65,1682424441.0050323
-0.87,1682424441.0104215
-0.08,1682424441.015026
-1.03,1682424441.0224469
-0.05,1682424441.0280304
-0.98,1682424441.0330904
1.97,1682424441.0380263
-0.64,1682424441.044127
2.3,1682424441.0490336
-0.77,1682424441.0551293
1.61,1682424441.0640254
-0.78,1682424441.0693421
1.13,1682424441.0750275
-0.9,1682424441.080022
1.1,1682424441.0880296
-0.94,1682424441.1030245
1.06,1682424441.1240249
-0.94,1682424441.1310575
0.99,1682424441.1390297
-1.08,1682424441.1471314
0.94,1682424441.1570275
-0.59,1682424441.163023
0.96,1682424441.1700237
-0.07,1682424441.1773922
0.99,1682424441.1860247
-0.04,1682424441.2080204
0.99,1682424441.2130272
-0.04,1682424441.2160177
0.99,1682424441.2221527
-0.04,1682424441.2243528
0.99,1682424441.2264822
-0.04,1682424441.2290633
0.99,1682424441.2310221
-0.04,1682424441.2370217
0.98,1682424441.2420177
-0.04,1682424441.2442791
0.98,1682424441.246336
-0.04,1682424441.2490165
0.99,1682424441.2520874
-0.04,1682424441.2560184
0.99,1682424441.2580166
-0.04,1682424441.260017
0.98,1682424441.2620165
-0.04,1682424441.2641826
0.99,1682424441.2660184
-0.04,1682424441.269021
0.99,1682424441.271026
-0.04,1682424441.274016
0.99,1682424441.276139
-0.04,1682424441.2946012
0.99,1682424441.2970178
-0.04,1682424441.300023
0.99,1682424441.3040574
-0.04,1682424441.3060162
0.99,1682424441.3080153
-0.04,1682424441.3103
0.99,1682424441.3123996
-0.04,1682424441.3150172
0.99,1682424441.317024
-0.04,1682424441.3550239
0.99,1682424441.360023
